name,position,type,value,body_length,site_length,url,index,run_num
a,1,body,Page Content,535,612,https://www.eventbrite.com/e/baltimore-the-underground-railroad-project-collaborators-tickets-53504566599,0,1
div,15,body,"Free
	

















Mar
30



Baltimore & The Underground Railroad - Project Collaborators





				by Baltimore History & Culture
			






	Free",535,612,https://www.eventbrite.com/e/baltimore-the-underground-railroad-project-collaborators-tickets-53504566599,1,1
span,19,body,Free,535,612,https://www.eventbrite.com/e/baltimore-the-underground-railroad-project-collaborators-tickets-53504566599,2,1
div,24,body,"Mar
30



Baltimore & The Underground Railroad - Project Collaborators





				by Baltimore History & Culture
			






	Free",535,612,https://www.eventbrite.com/e/baltimore-the-underground-railroad-project-collaborators-tickets-53504566599,3,1
time,31,body,"Mar
30",535,612,https://www.eventbrite.com/e/baltimore-the-underground-railroad-project-collaborators-tickets-53504566599,4,1
div,34,body,"Baltimore & The Underground Railroad - Project Collaborators





				by Baltimore History & Culture",535,612,https://www.eventbrite.com/e/baltimore-the-underground-railroad-project-collaborators-tickets-53504566599,5,1
h1,35,body,Baltimore & The Underground Railroad - Project Collaborators,535,612,https://www.eventbrite.com/e/baltimore-the-underground-railroad-project-collaborators-tickets-53504566599,6,1
div,37,body,by Baltimore History & Culture,535,612,https://www.eventbrite.com/e/baltimore-the-underground-railroad-project-collaborators-tickets-53504566599,7,1
a,40,body,by Baltimore History & Culture,535,612,https://www.eventbrite.com/e/baltimore-the-underground-railroad-project-collaborators-tickets-53504566599,8,1
div,41,body,Free,535,612,https://www.eventbrite.com/e/baltimore-the-underground-railroad-project-collaborators-tickets-53504566599,9,1
h2,48,body,Actions and Detail Panel,535,612,https://www.eventbrite.com/e/baltimore-the-underground-railroad-project-collaborators-tickets-53504566599,10,1
div,56,body,"Baltimore & The Underground Railroad - Project Collaborators

							Sat, March 30, 2019, 3:00 PM – 5:00 PM EDT",535,612,https://www.eventbrite.com/e/baltimore-the-underground-railroad-project-collaborators-tickets-53504566599,11,1
p,57,body,Baltimore & The Underground Railroad - Project Collaborators,535,612,https://www.eventbrite.com/e/baltimore-the-underground-railroad-project-collaborators-tickets-53504566599,12,1
p,58,body,"Sat, March 30, 2019, 3:00 PM – 5:00 PM EDT",535,612,https://www.eventbrite.com/e/baltimore-the-underground-railroad-project-collaborators-tickets-53504566599,13,1
div,59,body,Free,535,612,https://www.eventbrite.com/e/baltimore-the-underground-railroad-project-collaborators-tickets-53504566599,14,1
form,69,body,Register,535,612,https://www.eventbrite.com/e/baltimore-the-underground-railroad-project-collaborators-tickets-53504566599,15,1
span,82,body,Register,535,612,https://www.eventbrite.com/e/baltimore-the-underground-railroad-project-collaborators-tickets-53504566599,16,1
button,84,body,Register,535,612,https://www.eventbrite.com/e/baltimore-the-underground-railroad-project-collaborators-tickets-53504566599,17,1
h2,89,body,Event Information,535,612,https://www.eventbrite.com/e/baltimore-the-underground-railroad-project-collaborators-tickets-53504566599,18,1
div,92,body,"Share this event


Date and Time




Sat, March 30, 2019
3:00 PM – 5:00 PM EDT

Add to Calendar",535,612,https://www.eventbrite.com/e/baltimore-the-underground-railroad-project-collaborators-tickets-53504566599,19,1
span,95,body,Share this event,535,612,https://www.eventbrite.com/e/baltimore-the-underground-railroad-project-collaborators-tickets-53504566599,20,1
div,96,body,"Date and Time




Sat, March 30, 2019
3:00 PM – 5:00 PM EDT

Add to Calendar",535,612,https://www.eventbrite.com/e/baltimore-the-underground-railroad-project-collaborators-tickets-53504566599,21,1
h3,97,body,Date and Time,535,612,https://www.eventbrite.com/e/baltimore-the-underground-railroad-project-collaborators-tickets-53504566599,22,1
div,98,body,"Sat, March 30, 2019
3:00 PM – 5:00 PM EDT

Add to Calendar",535,612,https://www.eventbrite.com/e/baltimore-the-underground-railroad-project-collaborators-tickets-53504566599,23,1
meta,99,body,"Sat, March 30, 2019
3:00 PM – 5:00 PM EDT

Add to Calendar",535,612,https://www.eventbrite.com/e/baltimore-the-underground-railroad-project-collaborators-tickets-53504566599,24,1
time,101,body,"Sat, March 30, 2019
3:00 PM – 5:00 PM EDT

Add to Calendar",535,612,https://www.eventbrite.com/e/baltimore-the-underground-railroad-project-collaborators-tickets-53504566599,25,1
p,102,body,"Sat, March 30, 2019",535,612,https://www.eventbrite.com/e/baltimore-the-underground-railroad-project-collaborators-tickets-53504566599,26,1
p,103,body,3:00 PM – 5:00 PM EDT,535,612,https://www.eventbrite.com/e/baltimore-the-underground-railroad-project-collaborators-tickets-53504566599,27,1
p,104,body,Add to Calendar,535,612,https://www.eventbrite.com/e/baltimore-the-underground-railroad-project-collaborators-tickets-53504566599,28,1
a,105,body,Add to Calendar,535,612,https://www.eventbrite.com/e/baltimore-the-underground-railroad-project-collaborators-tickets-53504566599,29,1
div,107,body,Location,535,612,https://www.eventbrite.com/e/baltimore-the-underground-railroad-project-collaborators-tickets-53504566599,30,1
span,109,body,Location,535,612,https://www.eventbrite.com/e/baltimore-the-underground-railroad-project-collaborators-tickets-53504566599,31,1
div,110,body,"Location

Frederick Douglass-Isaac Myers Maritime Park
1417 Thames Street 
Baltimore, MD 21231 

View Map
View Map",535,612,https://www.eventbrite.com/e/baltimore-the-underground-railroad-project-collaborators-tickets-53504566599,32,1
h3,111,body,Location,535,612,https://www.eventbrite.com/e/baltimore-the-underground-railroad-project-collaborators-tickets-53504566599,33,1
div,112,body,"Frederick Douglass-Isaac Myers Maritime Park
1417 Thames Street 
Baltimore, MD 21231 

View Map
View Map",535,612,https://www.eventbrite.com/e/baltimore-the-underground-railroad-project-collaborators-tickets-53504566599,34,1
p,113,body,Frederick Douglass-Isaac Myers Maritime Park,535,612,https://www.eventbrite.com/e/baltimore-the-underground-railroad-project-collaborators-tickets-53504566599,35,1
p,114,body,1417 Thames Street,535,612,https://www.eventbrite.com/e/baltimore-the-underground-railroad-project-collaborators-tickets-53504566599,36,1
p,115,body,"Baltimore, MD 21231",535,612,https://www.eventbrite.com/e/baltimore-the-underground-railroad-project-collaborators-tickets-53504566599,37,1
p,116,body,"View Map
View Map",535,612,https://www.eventbrite.com/e/baltimore-the-underground-railroad-project-collaborators-tickets-53504566599,38,1
a,117,body,View Map,535,612,https://www.eventbrite.com/e/baltimore-the-underground-railroad-project-collaborators-tickets-53504566599,39,1
a,118,body,View Map,535,612,https://www.eventbrite.com/e/baltimore-the-underground-railroad-project-collaborators-tickets-53504566599,40,1
div,124,body,Event description,535,612,https://www.eventbrite.com/e/baltimore-the-underground-railroad-project-collaborators-tickets-53504566599,41,1
span,126,body,Event description,535,612,https://www.eventbrite.com/e/baltimore-the-underground-railroad-project-collaborators-tickets-53504566599,42,1
div,127,body,"Baltimore & The Underground Railroad - Project Collaborators for FREE Guided Walking Tours
										


Read more
Read less",535,612,https://www.eventbrite.com/e/baltimore-the-underground-railroad-project-collaborators-tickets-53504566599,43,1
a,132,body,Read more,535,612,https://www.eventbrite.com/e/baltimore-the-underground-railroad-project-collaborators-tickets-53504566599,44,1
a,133,body,Read less,535,612,https://www.eventbrite.com/e/baltimore-the-underground-railroad-project-collaborators-tickets-53504566599,45,1
h2,137,body,About this Event,535,612,https://www.eventbrite.com/e/baltimore-the-underground-railroad-project-collaborators-tickets-53504566599,46,1
strong,141,body,Baltimore & The Underground Railroad,535,612,https://www.eventbrite.com/e/baltimore-the-underground-railroad-project-collaborators-tickets-53504566599,47,1
p,144,body,Email = baltimorehistoryandculture@yahoo.com,535,612,https://www.eventbrite.com/e/baltimore-the-underground-railroad-project-collaborators-tickets-53504566599,48,1
p,145,body,"Also, feel free to send this to anyone else you know who may be of interest.",535,612,https://www.eventbrite.com/e/baltimore-the-underground-railroad-project-collaborators-tickets-53504566599,49,1
strong,148,body,Baltimore History & Culture,535,612,https://www.eventbrite.com/e/baltimore-the-underground-railroad-project-collaborators-tickets-53504566599,50,1
em,149,body,bringing people together to experience this history and culture of Baltimore,535,612,https://www.eventbrite.com/e/baltimore-the-underground-railroad-project-collaborators-tickets-53504566599,51,1
p,151,body,Facebook: Baltimore History & Culture,535,612,https://www.eventbrite.com/e/baltimore-the-underground-railroad-project-collaborators-tickets-53504566599,52,1
strong,152,body,Facebook,535,612,https://www.eventbrite.com/e/baltimore-the-underground-railroad-project-collaborators-tickets-53504566599,53,1
a,153,body,Baltimore History & Culture,535,612,https://www.eventbrite.com/e/baltimore-the-underground-railroad-project-collaborators-tickets-53504566599,54,1
p,156,body,Thanks!,535,612,https://www.eventbrite.com/e/baltimore-the-underground-railroad-project-collaborators-tickets-53504566599,55,1
p,159,body,____________________________________________,535,612,https://www.eventbrite.com/e/baltimore-the-underground-railroad-project-collaborators-tickets-53504566599,56,1
p,161,body,"January 5, 2019 Update:",535,612,https://www.eventbrite.com/e/baltimore-the-underground-railroad-project-collaborators-tickets-53504566599,57,1
strong,162,body,"January 5, 2019 Update",535,612,https://www.eventbrite.com/e/baltimore-the-underground-railroad-project-collaborators-tickets-53504566599,58,1
p,165,body,Hello and thanks for your interest in helping us with our Baltimore & The Underground Railroad tour.,535,612,https://www.eventbrite.com/e/baltimore-the-underground-railroad-project-collaborators-tickets-53504566599,59,1
strong,166,body,Baltimore & The Underground Railroad,535,612,https://www.eventbrite.com/e/baltimore-the-underground-railroad-project-collaborators-tickets-53504566599,60,1
p,170,body,We decided to develop and present a FREE tour that would educate people on this topic.,535,612,https://www.eventbrite.com/e/baltimore-the-underground-railroad-project-collaborators-tickets-53504566599,61,1
p,172,body,"As for myself, I am the founder of the non-profit community organization Washington, DC History & Culture",535,612,https://www.eventbrite.com/e/baltimore-the-underground-railroad-project-collaborators-tickets-53504566599,62,1
a,173,body,"Washington, DC History & Culture",535,612,https://www.eventbrite.com/e/baltimore-the-underground-railroad-project-collaborators-tickets-53504566599,63,1
p,174,body,and its sister group,535,612,https://www.eventbrite.com/e/baltimore-the-underground-railroad-project-collaborators-tickets-53504566599,64,1
p,175,body,Baltimore History & Culture,535,612,https://www.eventbrite.com/e/baltimore-the-underground-railroad-project-collaborators-tickets-53504566599,65,1
a,176,body,Baltimore History & Culture,535,612,https://www.eventbrite.com/e/baltimore-the-underground-railroad-project-collaborators-tickets-53504566599,66,1
p,177,body,"Our mission is “to bring people together to experience the history and culture of Washington, DC/Baltimore.”",535,612,https://www.eventbrite.com/e/baltimore-the-underground-railroad-project-collaborators-tickets-53504566599,67,1
p,179,body,"The YouTube link below has info a program we host in DC, our ""Watergate Scandal / All The President's Men"" Tour.",535,612,https://www.eventbrite.com/e/baltimore-the-underground-railroad-project-collaborators-tickets-53504566599,68,1
a,180,body,"""Watergate Scandal / All The President's Men"" Tour",535,612,https://www.eventbrite.com/e/baltimore-the-underground-railroad-project-collaborators-tickets-53504566599,69,1
p,181,body,"The link below is an article about our ""First Ladies at the Smithsonian"" Tour.",535,612,https://www.eventbrite.com/e/baltimore-the-underground-railroad-project-collaborators-tickets-53504566599,70,1
a,182,body,"""First Ladies at the Smithsonian"" Tour",535,612,https://www.eventbrite.com/e/baltimore-the-underground-railroad-project-collaborators-tickets-53504566599,71,1
p,186,body,If someone was interested in helping out they could do any of the following:,535,612,https://www.eventbrite.com/e/baltimore-the-underground-railroad-project-collaborators-tickets-53504566599,72,1
p,187,body,-	Provide any insights on the URR in Baltimore if already familiar with the topic.,535,612,https://www.eventbrite.com/e/baltimore-the-underground-railroad-project-collaborators-tickets-53504566599,73,1
p,188,body,-	Help us present the tour program.,535,612,https://www.eventbrite.com/e/baltimore-the-underground-railroad-project-collaborators-tickets-53504566599,74,1
p,191,body,-	Etc.,535,612,https://www.eventbrite.com/e/baltimore-the-underground-railroad-project-collaborators-tickets-53504566599,75,1
p,193,body,Do you have any familiarity with the Underground Railroad and/or any thoughts on the items above?,535,612,https://www.eventbrite.com/e/baltimore-the-underground-railroad-project-collaborators-tickets-53504566599,76,1
p,194,body,Please let me know .,535,612,https://www.eventbrite.com/e/baltimore-the-underground-railroad-project-collaborators-tickets-53504566599,77,1
p,196,body,More updates to follow.,535,612,https://www.eventbrite.com/e/baltimore-the-underground-railroad-project-collaborators-tickets-53504566599,78,1
p,197,body,Thanks!,535,612,https://www.eventbrite.com/e/baltimore-the-underground-railroad-project-collaborators-tickets-53504566599,79,1
p,199,body,Robert Kelleman,535,612,https://www.eventbrite.com/e/baltimore-the-underground-railroad-project-collaborators-tickets-53504566599,80,1
p,200,body,rkelleman@yahoo.com,535,612,https://www.eventbrite.com/e/baltimore-the-underground-railroad-project-collaborators-tickets-53504566599,81,1
p,201,body,202-821-6325 (text only),535,612,https://www.eventbrite.com/e/baltimore-the-underground-railroad-project-collaborators-tickets-53504566599,82,1
p,202,body,https://www.linkedin.com/in/robertkelleman/,535,612,https://www.eventbrite.com/e/baltimore-the-underground-railroad-project-collaborators-tickets-53504566599,83,1
div,211,body,"Tags


Tags




Things to do in Baltimore, MD




Tour




Community",535,612,https://www.eventbrite.com/e/baltimore-the-underground-railroad-project-collaborators-tickets-53504566599,84,1
span,214,body,Tags,535,612,https://www.eventbrite.com/e/baltimore-the-underground-railroad-project-collaborators-tickets-53504566599,85,1
div,215,body,"Tags




Things to do in Baltimore, MD




Tour




Community",535,612,https://www.eventbrite.com/e/baltimore-the-underground-railroad-project-collaborators-tickets-53504566599,86,1
h3,216,body,Tags,535,612,https://www.eventbrite.com/e/baltimore-the-underground-railroad-project-collaborators-tickets-53504566599,87,1
p,217,body,"Things to do in Baltimore, MD




Tour




Community",535,612,https://www.eventbrite.com/e/baltimore-the-underground-railroad-project-collaborators-tickets-53504566599,88,1
section,218,body,"Things to do in Baltimore, MD




Tour




Community",535,612,https://www.eventbrite.com/e/baltimore-the-underground-railroad-project-collaborators-tickets-53504566599,89,1
span,219,body,"Things to do in Baltimore, MD",535,612,https://www.eventbrite.com/e/baltimore-the-underground-railroad-project-collaborators-tickets-53504566599,90,1
a,220,body,"Things to do in Baltimore, MD",535,612,https://www.eventbrite.com/e/baltimore-the-underground-railroad-project-collaborators-tickets-53504566599,91,1
span,221,body,"Things to do in Baltimore, MD",535,612,https://www.eventbrite.com/e/baltimore-the-underground-railroad-project-collaborators-tickets-53504566599,92,1
a,223,body,Tour,535,612,https://www.eventbrite.com/e/baltimore-the-underground-railroad-project-collaborators-tickets-53504566599,93,1
span,224,body,Tour,535,612,https://www.eventbrite.com/e/baltimore-the-underground-railroad-project-collaborators-tickets-53504566599,94,1
a,226,body,Community,535,612,https://www.eventbrite.com/e/baltimore-the-underground-railroad-project-collaborators-tickets-53504566599,95,1
span,227,body,Community,535,612,https://www.eventbrite.com/e/baltimore-the-underground-railroad-project-collaborators-tickets-53504566599,96,1
div,228,body,"Share with friends




Share with friends",535,612,https://www.eventbrite.com/e/baltimore-the-underground-railroad-project-collaborators-tickets-53504566599,97,1
span,231,body,Share with friends,535,612,https://www.eventbrite.com/e/baltimore-the-underground-railroad-project-collaborators-tickets-53504566599,98,1
div,232,body,Share with friends,535,612,https://www.eventbrite.com/e/baltimore-the-underground-railroad-project-collaborators-tickets-53504566599,99,1
h3,235,body,Share with friends,535,612,https://www.eventbrite.com/e/baltimore-the-underground-railroad-project-collaborators-tickets-53504566599,100,1
h3,240,body,Date and Time,535,612,https://www.eventbrite.com/e/baltimore-the-underground-railroad-project-collaborators-tickets-53504566599,101,1
div,241,body,"Sat, March 30, 2019
3:00 PM – 5:00 PM EDT

Add to Calendar",535,612,https://www.eventbrite.com/e/baltimore-the-underground-railroad-project-collaborators-tickets-53504566599,102,1
time,244,body,"Sat, March 30, 2019
3:00 PM – 5:00 PM EDT

Add to Calendar",535,612,https://www.eventbrite.com/e/baltimore-the-underground-railroad-project-collaborators-tickets-53504566599,103,1
p,245,body,"Sat, March 30, 2019",535,612,https://www.eventbrite.com/e/baltimore-the-underground-railroad-project-collaborators-tickets-53504566599,104,1
p,246,body,3:00 PM – 5:00 PM EDT,535,612,https://www.eventbrite.com/e/baltimore-the-underground-railroad-project-collaborators-tickets-53504566599,105,1
p,247,body,Add to Calendar,535,612,https://www.eventbrite.com/e/baltimore-the-underground-railroad-project-collaborators-tickets-53504566599,106,1
a,248,body,Add to Calendar,535,612,https://www.eventbrite.com/e/baltimore-the-underground-railroad-project-collaborators-tickets-53504566599,107,1
h3,249,body,Location,535,612,https://www.eventbrite.com/e/baltimore-the-underground-railroad-project-collaborators-tickets-53504566599,108,1
div,250,body,"Frederick Douglass-Isaac Myers Maritime Park
1417 Thames Street 
Baltimore, MD 21231 

View Map
View Map",535,612,https://www.eventbrite.com/e/baltimore-the-underground-railroad-project-collaborators-tickets-53504566599,109,1
p,251,body,Frederick Douglass-Isaac Myers Maritime Park,535,612,https://www.eventbrite.com/e/baltimore-the-underground-railroad-project-collaborators-tickets-53504566599,110,1
p,252,body,1417 Thames Street,535,612,https://www.eventbrite.com/e/baltimore-the-underground-railroad-project-collaborators-tickets-53504566599,111,1
p,253,body,"Baltimore, MD 21231",535,612,https://www.eventbrite.com/e/baltimore-the-underground-railroad-project-collaborators-tickets-53504566599,112,1
p,254,body,"View Map
View Map",535,612,https://www.eventbrite.com/e/baltimore-the-underground-railroad-project-collaborators-tickets-53504566599,113,1
a,255,body,View Map,535,612,https://www.eventbrite.com/e/baltimore-the-underground-railroad-project-collaborators-tickets-53504566599,114,1
a,256,body,View Map,535,612,https://www.eventbrite.com/e/baltimore-the-underground-railroad-project-collaborators-tickets-53504566599,115,1
h2,262,body,Map and Directions,535,612,https://www.eventbrite.com/e/baltimore-the-underground-railroad-project-collaborators-tickets-53504566599,116,1
section,263,body,View Map,535,612,https://www.eventbrite.com/e/baltimore-the-underground-railroad-project-collaborators-tickets-53504566599,117,1
div,264,body,View Map,535,612,https://www.eventbrite.com/e/baltimore-the-underground-railroad-project-collaborators-tickets-53504566599,118,1
a,266,body,View Map,535,612,https://www.eventbrite.com/e/baltimore-the-underground-railroad-project-collaborators-tickets-53504566599,119,1
h2,270,body,"Baltimore & The Underground Railroad - Project Collaborators
		at
		Frederick Douglass-Isaac Myers Maritime Park",535,612,https://www.eventbrite.com/e/baltimore-the-underground-railroad-project-collaborators-tickets-53504566599,120,1
div,272,body,"1417 Thames Street, Baltimore, MD 21231",535,612,https://www.eventbrite.com/e/baltimore-the-underground-railroad-project-collaborators-tickets-53504566599,121,1
p,273,body,"1417 Thames Street, Baltimore, MD 21231",535,612,https://www.eventbrite.com/e/baltimore-the-underground-railroad-project-collaborators-tickets-53504566599,122,1
h1,277,body,Save This Event,535,612,https://www.eventbrite.com/e/baltimore-the-underground-railroad-project-collaborators-tickets-53504566599,123,1
div,278,body,"Log in or sign up for Eventbrite to save events you're interested in.


				Sign Up
			

Already have an account? Log in",535,612,https://www.eventbrite.com/e/baltimore-the-underground-railroad-project-collaborators-tickets-53504566599,124,1
a,281,body,Sign Up,535,612,https://www.eventbrite.com/e/baltimore-the-underground-railroad-project-collaborators-tickets-53504566599,125,1
div,282,body,Already have an account? Log in,535,612,https://www.eventbrite.com/e/baltimore-the-underground-railroad-project-collaborators-tickets-53504566599,126,1
a,283,body,Log in,535,612,https://www.eventbrite.com/e/baltimore-the-underground-railroad-project-collaborators-tickets-53504566599,127,1
div,284,body,Event Saved,535,612,https://www.eventbrite.com/e/baltimore-the-underground-railroad-project-collaborators-tickets-53504566599,128,1
h1,285,body,Event Saved,535,612,https://www.eventbrite.com/e/baltimore-the-underground-railroad-project-collaborators-tickets-53504566599,129,1
h2,292,body,Site Navigation,535,612,https://www.eventbrite.com/e/baltimore-the-underground-railroad-project-collaborators-tickets-53504566599,130,1
ul,294,body,"Use Eventbrite
How it Works
Pricing
Event Blog",535,612,https://www.eventbrite.com/e/baltimore-the-underground-railroad-project-collaborators-tickets-53504566599,131,1
h3,295,body,Use Eventbrite,535,612,https://www.eventbrite.com/e/baltimore-the-underground-railroad-project-collaborators-tickets-53504566599,132,1
li,296,body,How it Works,535,612,https://www.eventbrite.com/e/baltimore-the-underground-railroad-project-collaborators-tickets-53504566599,133,1
a,297,body,How it Works,535,612,https://www.eventbrite.com/e/baltimore-the-underground-railroad-project-collaborators-tickets-53504566599,134,1
li,298,body,Pricing,535,612,https://www.eventbrite.com/e/baltimore-the-underground-railroad-project-collaborators-tickets-53504566599,135,1
a,299,body,Pricing,535,612,https://www.eventbrite.com/e/baltimore-the-underground-railroad-project-collaborators-tickets-53504566599,136,1
li,300,body,Event Blog,535,612,https://www.eventbrite.com/e/baltimore-the-underground-railroad-project-collaborators-tickets-53504566599,137,1
a,301,body,Event Blog,535,612,https://www.eventbrite.com/e/baltimore-the-underground-railroad-project-collaborators-tickets-53504566599,138,1
ul,302,body,"Plan Events
Online Registration
Sell Event Tickets
Event Management Software",535,612,https://www.eventbrite.com/e/baltimore-the-underground-railroad-project-collaborators-tickets-53504566599,139,1
h3,303,body,Plan Events,535,612,https://www.eventbrite.com/e/baltimore-the-underground-railroad-project-collaborators-tickets-53504566599,140,1
li,304,body,Online Registration,535,612,https://www.eventbrite.com/e/baltimore-the-underground-railroad-project-collaborators-tickets-53504566599,141,1
a,305,body,Online Registration,535,612,https://www.eventbrite.com/e/baltimore-the-underground-railroad-project-collaborators-tickets-53504566599,142,1
li,306,body,Sell Event Tickets,535,612,https://www.eventbrite.com/e/baltimore-the-underground-railroad-project-collaborators-tickets-53504566599,143,1
a,307,body,Sell Event Tickets,535,612,https://www.eventbrite.com/e/baltimore-the-underground-railroad-project-collaborators-tickets-53504566599,144,1
li,308,body,Event Management Software,535,612,https://www.eventbrite.com/e/baltimore-the-underground-railroad-project-collaborators-tickets-53504566599,145,1
a,309,body,Event Management Software,535,612,https://www.eventbrite.com/e/baltimore-the-underground-railroad-project-collaborators-tickets-53504566599,146,1
ul,310,body,"Find Events

Browse Baltimore Events


Get the Eventbrite App",535,612,https://www.eventbrite.com/e/baltimore-the-underground-railroad-project-collaborators-tickets-53504566599,147,1
h3,311,body,Find Events,535,612,https://www.eventbrite.com/e/baltimore-the-underground-railroad-project-collaborators-tickets-53504566599,148,1
li,312,body,Browse Baltimore Events,535,612,https://www.eventbrite.com/e/baltimore-the-underground-railroad-project-collaborators-tickets-53504566599,149,1
a,313,body,Browse Baltimore Events,535,612,https://www.eventbrite.com/e/baltimore-the-underground-railroad-project-collaborators-tickets-53504566599,150,1
li,314,body,Get the Eventbrite App,535,612,https://www.eventbrite.com/e/baltimore-the-underground-railroad-project-collaborators-tickets-53504566599,151,1
a,315,body,Get the Eventbrite App,535,612,https://www.eventbrite.com/e/baltimore-the-underground-railroad-project-collaborators-tickets-53504566599,152,1
ul,316,body,"Connect With Us

Report This Event

Help Center
Terms
Privacy
Community Guidelines",535,612,https://www.eventbrite.com/e/baltimore-the-underground-railroad-project-collaborators-tickets-53504566599,153,1
h3,317,body,Connect With Us,535,612,https://www.eventbrite.com/e/baltimore-the-underground-railroad-project-collaborators-tickets-53504566599,154,1
li,318,body,Report This Event,535,612,https://www.eventbrite.com/e/baltimore-the-underground-railroad-project-collaborators-tickets-53504566599,155,1
a,319,body,Report This Event,535,612,https://www.eventbrite.com/e/baltimore-the-underground-railroad-project-collaborators-tickets-53504566599,156,1
li,320,body,Help Center,535,612,https://www.eventbrite.com/e/baltimore-the-underground-railroad-project-collaborators-tickets-53504566599,157,1
a,321,body,Help Center,535,612,https://www.eventbrite.com/e/baltimore-the-underground-railroad-project-collaborators-tickets-53504566599,158,1
span,322,body,Center,535,612,https://www.eventbrite.com/e/baltimore-the-underground-railroad-project-collaborators-tickets-53504566599,159,1
li,323,body,Terms,535,612,https://www.eventbrite.com/e/baltimore-the-underground-railroad-project-collaborators-tickets-53504566599,160,1
a,324,body,Terms,535,612,https://www.eventbrite.com/e/baltimore-the-underground-railroad-project-collaborators-tickets-53504566599,161,1
li,325,body,Privacy,535,612,https://www.eventbrite.com/e/baltimore-the-underground-railroad-project-collaborators-tickets-53504566599,162,1
a,326,body,Privacy,535,612,https://www.eventbrite.com/e/baltimore-the-underground-railroad-project-collaborators-tickets-53504566599,163,1
li,327,body,Community Guidelines,535,612,https://www.eventbrite.com/e/baltimore-the-underground-railroad-project-collaborators-tickets-53504566599,164,1
a,328,body,Community Guidelines,535,612,https://www.eventbrite.com/e/baltimore-the-underground-railroad-project-collaborators-tickets-53504566599,165,1
div,329,body,"Eventbrite




© 2019 Eventbrite",535,612,https://www.eventbrite.com/e/baltimore-the-underground-railroad-project-collaborators-tickets-53504566599,166,1
a,331,body,Eventbrite,535,612,https://www.eventbrite.com/e/baltimore-the-underground-railroad-project-collaborators-tickets-53504566599,167,1
span,332,body,Eventbrite,535,612,https://www.eventbrite.com/e/baltimore-the-underground-railroad-project-collaborators-tickets-53504566599,168,1
div,334,body,© 2019 Eventbrite,535,612,https://www.eventbrite.com/e/baltimore-the-underground-railroad-project-collaborators-tickets-53504566599,169,1
p,337,body,© 2019 Eventbrite,535,612,https://www.eventbrite.com/e/baltimore-the-underground-railroad-project-collaborators-tickets-53504566599,170,1
h1,339,body,Contact the organizer,535,612,https://www.eventbrite.com/e/baltimore-the-underground-railroad-project-collaborators-tickets-53504566599,171,1
section,341,body,Your message has been sent!,535,612,https://www.eventbrite.com/e/baltimore-the-underground-railroad-project-collaborators-tickets-53504566599,172,1
div,342,body,Your message has been sent!,535,612,https://www.eventbrite.com/e/baltimore-the-underground-railroad-project-collaborators-tickets-53504566599,173,1
p,347,body,Your email will only be seen by the event organizer.,535,612,https://www.eventbrite.com/e/baltimore-the-underground-railroad-project-collaborators-tickets-53504566599,174,1
p,348,body,Find out more about how your privacy is protected.,535,612,https://www.eventbrite.com/e/baltimore-the-underground-railroad-project-collaborators-tickets-53504566599,175,1
a,349,body,Find out more about how your privacy is protected.,535,612,https://www.eventbrite.com/e/baltimore-the-underground-railroad-project-collaborators-tickets-53504566599,176,1
form,352,body,"Your Name
					






						Email Address
					






						Message
					







							Enter the code as shown below:",535,612,https://www.eventbrite.com/e/baltimore-the-underground-railroad-project-collaborators-tickets-53504566599,177,1
div,355,body,Your Name,535,612,https://www.eventbrite.com/e/baltimore-the-underground-railroad-project-collaborators-tickets-53504566599,178,1
label,356,body,Your Name,535,612,https://www.eventbrite.com/e/baltimore-the-underground-railroad-project-collaborators-tickets-53504566599,179,1
div,359,body,Email Address,535,612,https://www.eventbrite.com/e/baltimore-the-underground-railroad-project-collaborators-tickets-53504566599,180,1
label,360,body,Email Address,535,612,https://www.eventbrite.com/e/baltimore-the-underground-railroad-project-collaborators-tickets-53504566599,181,1
div,363,body,Message,535,612,https://www.eventbrite.com/e/baltimore-the-underground-railroad-project-collaborators-tickets-53504566599,182,1
label,364,body,Message,535,612,https://www.eventbrite.com/e/baltimore-the-underground-railroad-project-collaborators-tickets-53504566599,183,1
div,367,body,Enter the code as shown below:,535,612,https://www.eventbrite.com/e/baltimore-the-underground-railroad-project-collaborators-tickets-53504566599,184,1
span,369,body,Enter the code as shown below:,535,612,https://www.eventbrite.com/e/baltimore-the-underground-railroad-project-collaborators-tickets-53504566599,185,1
section,372,body,"Send message
						

							Please wait...
						


						Cancel",535,612,https://www.eventbrite.com/e/baltimore-the-underground-railroad-project-collaborators-tickets-53504566599,186,1
div,373,body,"Send message
						

							Please wait...
						


						Cancel",535,612,https://www.eventbrite.com/e/baltimore-the-underground-railroad-project-collaborators-tickets-53504566599,187,1
section,374,body,"Send message
						

							Please wait...
						


						Cancel",535,612,https://www.eventbrite.com/e/baltimore-the-underground-railroad-project-collaborators-tickets-53504566599,188,1
a,375,body,"Send message
						

							Please wait...",535,612,https://www.eventbrite.com/e/baltimore-the-underground-railroad-project-collaborators-tickets-53504566599,189,1
span,376,body,Send message,535,612,https://www.eventbrite.com/e/baltimore-the-underground-railroad-project-collaborators-tickets-53504566599,190,1
a,378,body,Cancel,535,612,https://www.eventbrite.com/e/baltimore-the-underground-railroad-project-collaborators-tickets-53504566599,191,1
section,379,body,Close,535,612,https://www.eventbrite.com/e/baltimore-the-underground-railroad-project-collaborators-tickets-53504566599,192,1
div,380,body,Close,535,612,https://www.eventbrite.com/e/baltimore-the-underground-railroad-project-collaborators-tickets-53504566599,193,1
a,381,body,Close,535,612,https://www.eventbrite.com/e/baltimore-the-underground-railroad-project-collaborators-tickets-53504566599,194,1
section,388,body,"Copy Link



Copy Event URL",535,612,https://www.eventbrite.com/e/baltimore-the-underground-railroad-project-collaborators-tickets-53504566599,195,1
h1,389,body,Copy Link,535,612,https://www.eventbrite.com/e/baltimore-the-underground-railroad-project-collaborators-tickets-53504566599,196,1
div,390,body,Copy Event URL,535,612,https://www.eventbrite.com/e/baltimore-the-underground-railroad-project-collaborators-tickets-53504566599,197,1
label,393,body,Copy Event URL,535,612,https://www.eventbrite.com/e/baltimore-the-underground-railroad-project-collaborators-tickets-53504566599,198,1
h1,396,body,Social Settings,535,612,https://www.eventbrite.com/e/baltimore-the-underground-railroad-project-collaborators-tickets-53504566599,199,1
p,398,body,Events are social. Allow Facebook friends to see your upcoming events?,535,612,https://www.eventbrite.com/e/baltimore-the-underground-railroad-project-collaborators-tickets-53504566599,200,1
form,399,body,"Yes (Recommended)
Yes (Recommended)



No, keep my events secret
No, keep my events secret


Save",535,612,https://www.eventbrite.com/e/baltimore-the-underground-railroad-project-collaborators-tickets-53504566599,201,1
div,400,body,"Yes (Recommended)
Yes (Recommended)



No, keep my events secret
No, keep my events secret


Save",535,612,https://www.eventbrite.com/e/baltimore-the-underground-railroad-project-collaborators-tickets-53504566599,202,1
input,403,body,"Yes (Recommended)
Yes (Recommended)",535,612,https://www.eventbrite.com/e/baltimore-the-underground-railroad-project-collaborators-tickets-53504566599,203,1
label,404,body,Yes (Recommended),535,612,https://www.eventbrite.com/e/baltimore-the-underground-railroad-project-collaborators-tickets-53504566599,204,1
label,405,body,Yes (Recommended),535,612,https://www.eventbrite.com/e/baltimore-the-underground-railroad-project-collaborators-tickets-53504566599,205,1
span,406,body,Yes (Recommended),535,612,https://www.eventbrite.com/e/baltimore-the-underground-railroad-project-collaborators-tickets-53504566599,206,1
div,407,body,"No, keep my events secret
No, keep my events secret",535,612,https://www.eventbrite.com/e/baltimore-the-underground-railroad-project-collaborators-tickets-53504566599,207,1
label,409,body,"No, keep my events secret",535,612,https://www.eventbrite.com/e/baltimore-the-underground-railroad-project-collaborators-tickets-53504566599,208,1
label,410,body,"No, keep my events secret",535,612,https://www.eventbrite.com/e/baltimore-the-underground-railroad-project-collaborators-tickets-53504566599,209,1
span,411,body,"No, keep my events secret",535,612,https://www.eventbrite.com/e/baltimore-the-underground-railroad-project-collaborators-tickets-53504566599,210,1
div,412,body,Save,535,612,https://www.eventbrite.com/e/baltimore-the-underground-railroad-project-collaborators-tickets-53504566599,211,1
button,413,body,Save,535,612,https://www.eventbrite.com/e/baltimore-the-underground-railroad-project-collaborators-tickets-53504566599,212,1
h1,415,body,Save This Event,535,612,https://www.eventbrite.com/e/baltimore-the-underground-railroad-project-collaborators-tickets-53504566599,213,1
div,416,body,"Log in or sign up for Eventbrite to save events you're interested in.


				Sign Up
			

Already have an account? Log in",535,612,https://www.eventbrite.com/e/baltimore-the-underground-railroad-project-collaborators-tickets-53504566599,214,1
a,419,body,Sign Up,535,612,https://www.eventbrite.com/e/baltimore-the-underground-railroad-project-collaborators-tickets-53504566599,215,1
div,420,body,Already have an account? Log in,535,612,https://www.eventbrite.com/e/baltimore-the-underground-railroad-project-collaborators-tickets-53504566599,216,1
a,421,body,Log in,535,612,https://www.eventbrite.com/e/baltimore-the-underground-railroad-project-collaborators-tickets-53504566599,217,1
div,422,body,Event Saved,535,612,https://www.eventbrite.com/e/baltimore-the-underground-railroad-project-collaborators-tickets-53504566599,218,1
h1,423,body,Event Saved,535,612,https://www.eventbrite.com/e/baltimore-the-underground-railroad-project-collaborators-tickets-53504566599,219,1
script,450,body,dataLayer.push({'event': 'Event'});,535,612,https://www.eventbrite.com/e/baltimore-the-underground-railroad-project-collaborators-tickets-53504566599,220,1
script,454,body,window.EB = window.EB || {}; EB.VHit = [];,535,612,https://www.eventbrite.com/e/baltimore-the-underground-railroad-project-collaborators-tickets-53504566599,221,1
fb:app_id,0,meta,28218816837,535,612,https://www.eventbrite.com/e/baltimore-the-underground-railroad-project-collaborators-tickets-53504566599,222,1
og:site_name,0,meta,Eventbrite,535,612,https://www.eventbrite.com/e/baltimore-the-underground-railroad-project-collaborators-tickets-53504566599,223,1
og:image,0,meta,https://img.evbuc.com/https%3A%2F%2Fcdn.evbuc.com%2Fimages%2F53739683%2F281714003998%2F1%2Foriginal.20181209-162752?w=1000&auto=compress&rect=0%2C69%2C500%2C250&s=12f5f4d7f54e73fede6eafc3ebe3b870,535,612,https://www.eventbrite.com/e/baltimore-the-underground-railroad-project-collaborators-tickets-53504566599,224,1
og:title,0,meta,Baltimore & The Underground Railroad - Project Collaborators,535,612,https://www.eventbrite.com/e/baltimore-the-underground-railroad-project-collaborators-tickets-53504566599,225,1
og:description,0,meta,Baltimore & The Underground Railroad - Project Collaborators for FREE Guided Walking Tours,535,612,https://www.eventbrite.com/e/baltimore-the-underground-railroad-project-collaborators-tickets-53504566599,226,1
og:url,0,meta,https://www.eventbrite.com/e/53504566599?aff=efbneb,535,612,https://www.eventbrite.com/e/baltimore-the-underground-railroad-project-collaborators-tickets-53504566599,227,1
og:type,0,meta,events.event,535,612,https://www.eventbrite.com/e/baltimore-the-underground-railroad-project-collaborators-tickets-53504566599,228,1
og:ttl,0,meta,777600,535,612,https://www.eventbrite.com/e/baltimore-the-underground-railroad-project-collaborators-tickets-53504566599,229,1
og:determiner,0,meta,an,535,612,https://www.eventbrite.com/e/baltimore-the-underground-railroad-project-collaborators-tickets-53504566599,230,1
og:locale,0,meta,en_US,535,612,https://www.eventbrite.com/e/baltimore-the-underground-railroad-project-collaborators-tickets-53504566599,231,1
event:location:latitude,0,meta,39.2794286,535,612,https://www.eventbrite.com/e/baltimore-the-underground-railroad-project-collaborators-tickets-53504566599,232,1
event:location:longitude,0,meta,-76.5960035,535,612,https://www.eventbrite.com/e/baltimore-the-underground-railroad-project-collaborators-tickets-53504566599,233,1
event:start_time,0,meta,2019-03-30T15:00:00-04:00,535,612,https://www.eventbrite.com/e/baltimore-the-underground-railroad-project-collaborators-tickets-53504566599,234,1
event:end_time,0,meta,2019-03-30T17:00:00-04:00,535,612,https://www.eventbrite.com/e/baltimore-the-underground-railroad-project-collaborators-tickets-53504566599,235,1
viewport,0,meta,"initial-scale=1, width=device-width",535,612,https://www.eventbrite.com/e/baltimore-the-underground-railroad-project-collaborators-tickets-53504566599,236,1
y_key,0,meta,d92e23811007b438,535,612,https://www.eventbrite.com/e/baltimore-the-underground-railroad-project-collaborators-tickets-53504566599,237,1
robots,0,meta,"index, follow, ",535,612,https://www.eventbrite.com/e/baltimore-the-underground-railroad-project-collaborators-tickets-53504566599,238,1
apple-mobile-web-app-title,0,meta,Eventbrite,535,612,https://www.eventbrite.com/e/baltimore-the-underground-railroad-project-collaborators-tickets-53504566599,239,1
application-name,0,meta,Eventbrite,535,612,https://www.eventbrite.com/e/baltimore-the-underground-railroad-project-collaborators-tickets-53504566599,240,1
msapplication-TileColor,0,meta,#f6682f,535,612,https://www.eventbrite.com/e/baltimore-the-underground-railroad-project-collaborators-tickets-53504566599,241,1
msapplication-TileImage,0,meta,https://cdn.evbstatic.com/s3-build/perm_001/8ad267/django/images/favicons/mstile-144x144.png,535,612,https://www.eventbrite.com/e/baltimore-the-underground-railroad-project-collaborators-tickets-53504566599,242,1
theme-color,0,meta,#f6682f,535,612,https://www.eventbrite.com/e/baltimore-the-underground-railroad-project-collaborators-tickets-53504566599,243,1
twitter:app:name:iphone,0,meta,Eventbrite,535,612,https://www.eventbrite.com/e/baltimore-the-underground-railroad-project-collaborators-tickets-53504566599,244,1
twitter:app:url:iphone,0,meta,com-eventbrite-attendee://event/53504566599/?referrer=eiosurlxtcar&,535,612,https://www.eventbrite.com/e/baltimore-the-underground-railroad-project-collaborators-tickets-53504566599,245,1
twitter:app:id:iphone,0,meta,487922291,535,612,https://www.eventbrite.com/e/baltimore-the-underground-railroad-project-collaborators-tickets-53504566599,246,1
twitter:app:name:googleplay,0,meta,Eventbrite,535,612,https://www.eventbrite.com/e/baltimore-the-underground-railroad-project-collaborators-tickets-53504566599,247,1
twitter:app:url:googleplay,0,meta,com-eventbrite-attendee://event/53504566599/?referrer=eandurlxtcar&,535,612,https://www.eventbrite.com/e/baltimore-the-underground-railroad-project-collaborators-tickets-53504566599,248,1
twitter:app:id:googleplay,0,meta,com.eventbrite.attendee,535,612,https://www.eventbrite.com/e/baltimore-the-underground-railroad-project-collaborators-tickets-53504566599,249,1
startDate,0,json,2019-03-30T15:00:00-04:00,535,612,https://www.eventbrite.com/e/baltimore-the-underground-railroad-project-collaborators-tickets-53504566599,250,1
endDate,0,json,2019-03-30T17:00:00-04:00,535,612,https://www.eventbrite.com/e/baltimore-the-underground-railroad-project-collaborators-tickets-53504566599,251,1
name,0,json,Baltimore & The Underground Railroad - Project Collaborators,535,612,https://www.eventbrite.com/e/baltimore-the-underground-railroad-project-collaborators-tickets-53504566599,252,1
url,0,json,https://www.eventbrite.com/e/baltimore-the-underground-railroad-project-collaborators-tickets-53504566599,535,612,https://www.eventbrite.com/e/baltimore-the-underground-railroad-project-collaborators-tickets-53504566599,253,1
image,0,json,https://img.evbuc.com/https%3A%2F%2Fcdn.evbuc.com%2Fimages%2F53739683%2F281714003998%2F1%2Foriginal.20181209-162752?w=1000&auto=compress&rect=0%2C69%2C500%2C250&s=12f5f4d7f54e73fede6eafc3ebe3b870,535,612,https://www.eventbrite.com/e/baltimore-the-underground-railroad-project-collaborators-tickets-53504566599,254,1
eventStatus,0,json,EventScheduled,535,612,https://www.eventbrite.com/e/baltimore-the-underground-railroad-project-collaborators-tickets-53504566599,255,1
offers.availabilityEnds,0,json,,535,612,https://www.eventbrite.com/e/baltimore-the-underground-railroad-project-collaborators-tickets-53504566599,256,1
offers.priceCurrency,0,json,,535,612,https://www.eventbrite.com/e/baltimore-the-underground-railroad-project-collaborators-tickets-53504566599,257,1
offers.url,0,json,,535,612,https://www.eventbrite.com/e/baltimore-the-underground-railroad-project-collaborators-tickets-53504566599,258,1
offers.lowPrice,0,json,0.0,535,612,https://www.eventbrite.com/e/baltimore-the-underground-railroad-project-collaborators-tickets-53504566599,259,1
offers.highPrice,0,json,0.0,535,612,https://www.eventbrite.com/e/baltimore-the-underground-railroad-project-collaborators-tickets-53504566599,260,1
offers.type,0,json,,535,612,https://www.eventbrite.com/e/baltimore-the-underground-railroad-project-collaborators-tickets-53504566599,261,1
offers.availabilityStarts,0,json,,535,612,https://www.eventbrite.com/e/baltimore-the-underground-railroad-project-collaborators-tickets-53504566599,262,1
offers.validFrom,0,json,,535,612,https://www.eventbrite.com/e/baltimore-the-underground-railroad-project-collaborators-tickets-53504566599,263,1
offers.availability,0,json,,535,612,https://www.eventbrite.com/e/baltimore-the-underground-railroad-project-collaborators-tickets-53504566599,264,1
offers.name,0,json,"['RSVP to Help Out and/or for Tour Updates', 'Donation - Supports Our Non-Profit Programs']",535,612,https://www.eventbrite.com/e/baltimore-the-underground-railroad-project-collaborators-tickets-53504566599,265,1
offers.price,0,json,"[0, 0]",535,612,https://www.eventbrite.com/e/baltimore-the-underground-railroad-project-collaborators-tickets-53504566599,266,1
location.address.addressCountry,0,json,US,535,612,https://www.eventbrite.com/e/baltimore-the-underground-railroad-project-collaborators-tickets-53504566599,267,1
location.address.addressLocality,0,json,Baltimore,535,612,https://www.eventbrite.com/e/baltimore-the-underground-railroad-project-collaborators-tickets-53504566599,268,1
location.address.addressRegion,0,json,MD,535,612,https://www.eventbrite.com/e/baltimore-the-underground-railroad-project-collaborators-tickets-53504566599,269,1
location.address.streetAddress,0,json,"1417 Thames Street, Baltimore, MD 21231",535,612,https://www.eventbrite.com/e/baltimore-the-underground-railroad-project-collaborators-tickets-53504566599,270,1
location.address.postalCode,0,json,21231,535,612,https://www.eventbrite.com/e/baltimore-the-underground-railroad-project-collaborators-tickets-53504566599,271,1
location.address.type,0,json,PostalAddress,535,612,https://www.eventbrite.com/e/baltimore-the-underground-railroad-project-collaborators-tickets-53504566599,272,1
location.type,0,json,Place,535,612,https://www.eventbrite.com/e/baltimore-the-underground-railroad-project-collaborators-tickets-53504566599,273,1
location.name,0,json,Frederick Douglass-Isaac Myers Maritime Park,535,612,https://www.eventbrite.com/e/baltimore-the-underground-railroad-project-collaborators-tickets-53504566599,274,1
context,0,json,http://schema.org,535,612,https://www.eventbrite.com/e/baltimore-the-underground-railroad-project-collaborators-tickets-53504566599,275,1
organizer.url,0,json,https://www.eventbrite.com/o/baltimore-history-amp-culture-18141815942,535,612,https://www.eventbrite.com/e/baltimore-the-underground-railroad-project-collaborators-tickets-53504566599,276,1
organizer.description,0,json,"Baltimore History & Culture:
“bringing people together to experience the history and culture of Baltimore”
 
 ",535,612,https://www.eventbrite.com/e/baltimore-the-underground-railroad-project-collaborators-tickets-53504566599,277,1
organizer.type,0,json,Organization,535,612,https://www.eventbrite.com/e/baltimore-the-underground-railroad-project-collaborators-tickets-53504566599,278,1
organizer.name,0,json,Baltimore History & Culture,535,612,https://www.eventbrite.com/e/baltimore-the-underground-railroad-project-collaborators-tickets-53504566599,279,1
type,0,json,MusicEvent,535,612,https://www.eventbrite.com/e/baltimore-the-underground-railroad-project-collaborators-tickets-53504566599,280,1
description,0,json,Baltimore & The Underground Railroad - Project Collaborators for FREE Guided Walking Tours,535,612,https://www.eventbrite.com/e/baltimore-the-underground-railroad-project-collaborators-tickets-53504566599,281,1
context,0,json,http://schema.org,535,612,https://www.eventbrite.com/e/baltimore-the-underground-railroad-project-collaborators-tickets-53504566599,282,1
itemListElement.item.id,0,json,,535,612,https://www.eventbrite.com/e/baltimore-the-underground-railroad-project-collaborators-tickets-53504566599,283,1
itemListElement.item.name,0,json,,535,612,https://www.eventbrite.com/e/baltimore-the-underground-railroad-project-collaborators-tickets-53504566599,284,1
itemListElement.type,0,json,,535,612,https://www.eventbrite.com/e/baltimore-the-underground-railroad-project-collaborators-tickets-53504566599,285,1
itemListElement.position,0,json,,535,612,https://www.eventbrite.com/e/baltimore-the-underground-railroad-project-collaborators-tickets-53504566599,286,1
type,0,json,BreadcrumbList,535,612,https://www.eventbrite.com/e/baltimore-the-underground-railroad-project-collaborators-tickets-53504566599,287,1
viewport,0,head,"initial-scale=1, width=device-width",535,612,https://www.eventbrite.com/e/baltimore-the-underground-railroad-project-collaborators-tickets-53504566599,288,1
description,0,head,"Eventbrite - Baltimore History & Culture presents Baltimore & The Underground Railroad - Project Collaborators - Saturday, March 30, 2019 at Frederick Douglass-Isaac Myers Maritime Park, Baltimore, MD. Find event and ticket information.",535,612,https://www.eventbrite.com/e/baltimore-the-underground-railroad-project-collaborators-tickets-53504566599,289,1
keywords,0,head,"Eventbrite, Baltimore & The Underground Railroad - Project Collaborators, Baltimore & The Underground Railroad - Project Collaborators tickets, Baltimore & The Underground Railroad - Project Collaborators Baltimore, Baltimore & The Underground Railroad - Project Collaborators Baltimore tickets",535,612,https://www.eventbrite.com/e/baltimore-the-underground-railroad-project-collaborators-tickets-53504566599,290,1
y_key,0,head,d92e23811007b438,535,612,https://www.eventbrite.com/e/baltimore-the-underground-railroad-project-collaborators-tickets-53504566599,291,1
msvalidate.01,0,head,A9AB07B7E430E4608E0BC57AFA5004AA,535,612,https://www.eventbrite.com/e/baltimore-the-underground-railroad-project-collaborators-tickets-53504566599,292,1
robots,0,head,"index, follow, ",535,612,https://www.eventbrite.com/e/baltimore-the-underground-railroad-project-collaborators-tickets-53504566599,293,1
apple-mobile-web-app-title,0,head,Eventbrite,535,612,https://www.eventbrite.com/e/baltimore-the-underground-railroad-project-collaborators-tickets-53504566599,294,1
application-name,0,head,Eventbrite,535,612,https://www.eventbrite.com/e/baltimore-the-underground-railroad-project-collaborators-tickets-53504566599,295,1
msapplication-TileColor,0,head,#f6682f,535,612,https://www.eventbrite.com/e/baltimore-the-underground-railroad-project-collaborators-tickets-53504566599,296,1
msapplication-TileImage,0,head,https://cdn.evbstatic.com/s3-build/perm_001/8ad267/django/images/favicons/mstile-144x144.png,535,612,https://www.eventbrite.com/e/baltimore-the-underground-railroad-project-collaborators-tickets-53504566599,297,1
theme-color,0,head,#f6682f,535,612,https://www.eventbrite.com/e/baltimore-the-underground-railroad-project-collaborators-tickets-53504566599,298,1
twitter:card,0,head,summary_large_image,535,612,https://www.eventbrite.com/e/baltimore-the-underground-railroad-project-collaborators-tickets-53504566599,299,1
twitter:site,0,head,@eventbrite,535,612,https://www.eventbrite.com/e/baltimore-the-underground-railroad-project-collaborators-tickets-53504566599,300,1
twitter:title,0,head,Baltimore & The Underground Railroad - Project Collaborators,535,612,https://www.eventbrite.com/e/baltimore-the-underground-railroad-project-collaborators-tickets-53504566599,301,1
twitter:description,0,head,Baltimore & The Underground Railroad - Project Collaborators for FREE Guided Walking Tours,535,612,https://www.eventbrite.com/e/baltimore-the-underground-railroad-project-collaborators-tickets-53504566599,302,1
twitter:image,0,head,https://img.evbuc.com/https%3A%2F%2Fcdn.evbuc.com%2Fimages%2F53739683%2F281714003998%2F1%2Foriginal.20181209-162752?w=1000&auto=compress&rect=0%2C69%2C500%2C250&s=12f5f4d7f54e73fede6eafc3ebe3b870,535,612,https://www.eventbrite.com/e/baltimore-the-underground-railroad-project-collaborators-tickets-53504566599,303,1
twitter:app:name:iphone,0,head,Eventbrite,535,612,https://www.eventbrite.com/e/baltimore-the-underground-railroad-project-collaborators-tickets-53504566599,304,1
twitter:app:url:iphone,0,head,com-eventbrite-attendee://event/53504566599/?referrer=eiosurlxtcar&,535,612,https://www.eventbrite.com/e/baltimore-the-underground-railroad-project-collaborators-tickets-53504566599,305,1
twitter:app:id:iphone,0,head,487922291,535,612,https://www.eventbrite.com/e/baltimore-the-underground-railroad-project-collaborators-tickets-53504566599,306,1
twitter:app:name:googleplay,0,head,Eventbrite,535,612,https://www.eventbrite.com/e/baltimore-the-underground-railroad-project-collaborators-tickets-53504566599,307,1
twitter:app:url:googleplay,0,head,com-eventbrite-attendee://event/53504566599/?referrer=eandurlxtcar&,535,612,https://www.eventbrite.com/e/baltimore-the-underground-railroad-project-collaborators-tickets-53504566599,308,1
twitter:app:id:googleplay,0,head,com.eventbrite.attendee,535,612,https://www.eventbrite.com/e/baltimore-the-underground-railroad-project-collaborators-tickets-53504566599,309,1
fb:app_id,0,head,28218816837,535,612,https://www.eventbrite.com/e/baltimore-the-underground-railroad-project-collaborators-tickets-53504566599,310,1
og:site_name,0,head,Eventbrite,535,612,https://www.eventbrite.com/e/baltimore-the-underground-railroad-project-collaborators-tickets-53504566599,311,1
og:image,0,head,https://img.evbuc.com/https%3A%2F%2Fcdn.evbuc.com%2Fimages%2F53739683%2F281714003998%2F1%2Foriginal.20181209-162752?w=1000&auto=compress&rect=0%2C69%2C500%2C250&s=12f5f4d7f54e73fede6eafc3ebe3b870,535,612,https://www.eventbrite.com/e/baltimore-the-underground-railroad-project-collaborators-tickets-53504566599,312,1
og:title,0,head,Baltimore & The Underground Railroad - Project Collaborators,535,612,https://www.eventbrite.com/e/baltimore-the-underground-railroad-project-collaborators-tickets-53504566599,313,1
og:description,0,head,Baltimore & The Underground Railroad - Project Collaborators for FREE Guided Walking Tours,535,612,https://www.eventbrite.com/e/baltimore-the-underground-railroad-project-collaborators-tickets-53504566599,314,1
og:url,0,head,https://www.eventbrite.com/e/53504566599?aff=efbneb,535,612,https://www.eventbrite.com/e/baltimore-the-underground-railroad-project-collaborators-tickets-53504566599,315,1
og:type,0,head,events.event,535,612,https://www.eventbrite.com/e/baltimore-the-underground-railroad-project-collaborators-tickets-53504566599,316,1
og:ttl,0,head,777600,535,612,https://www.eventbrite.com/e/baltimore-the-underground-railroad-project-collaborators-tickets-53504566599,317,1
og:determiner,0,head,an,535,612,https://www.eventbrite.com/e/baltimore-the-underground-railroad-project-collaborators-tickets-53504566599,318,1
og:locale,0,head,en_US,535,612,https://www.eventbrite.com/e/baltimore-the-underground-railroad-project-collaborators-tickets-53504566599,319,1
event:location:latitude,0,head,39.2794286,535,612,https://www.eventbrite.com/e/baltimore-the-underground-railroad-project-collaborators-tickets-53504566599,320,1
event:location:longitude,0,head,-76.5960035,535,612,https://www.eventbrite.com/e/baltimore-the-underground-railroad-project-collaborators-tickets-53504566599,321,1
event:start_time,0,head,2019-03-30T15:00:00-04:00,535,612,https://www.eventbrite.com/e/baltimore-the-underground-railroad-project-collaborators-tickets-53504566599,322,1
event:end_time,0,head,2019-03-30T17:00:00-04:00,535,612,https://www.eventbrite.com/e/baltimore-the-underground-railroad-project-collaborators-tickets-53504566599,323,1
al:ios:app_name,0,head,Eventbrite,535,612,https://www.eventbrite.com/e/baltimore-the-underground-railroad-project-collaborators-tickets-53504566599,324,1
al:ios:url,0,head,com-eventbrite-attendee://event/53504566599/?referrer=eiosurlxfbk&,535,612,https://www.eventbrite.com/e/baltimore-the-underground-railroad-project-collaborators-tickets-53504566599,325,1
al:ios:app_store_id,0,head,487922291,535,612,https://www.eventbrite.com/e/baltimore-the-underground-railroad-project-collaborators-tickets-53504566599,326,1
al:android:app_name,0,head,Eventbrite,535,612,https://www.eventbrite.com/e/baltimore-the-underground-railroad-project-collaborators-tickets-53504566599,327,1
al:android:url,0,head,com-eventbrite-attendee://event/53504566599/?referrer=eandurlxfbk&,535,612,https://www.eventbrite.com/e/baltimore-the-underground-railroad-project-collaborators-tickets-53504566599,328,1
al:android:package,0,head,com.eventbrite.attendee,535,612,https://www.eventbrite.com/e/baltimore-the-underground-railroad-project-collaborators-tickets-53504566599,329,1
apple-itunes-app,0,head,"app-id=487922291, affiliate-data=10lptH, app-argument=com-eventbrite-attendee://event/53504566599/?referrer=eiosurlxbanr&",535,612,https://www.eventbrite.com/e/baltimore-the-underground-railroad-project-collaborators-tickets-53504566599,330,1
Where,0,head,twitter:label1,535,612,https://www.eventbrite.com/e/baltimore-the-underground-railroad-project-collaborators-tickets-53504566599,331,1
"1417 Thames Street, Baltimore, MD 21231",0,head,twitter:data1,535,612,https://www.eventbrite.com/e/baltimore-the-underground-railroad-project-collaborators-tickets-53504566599,332,1
When,0,head,twitter:label2,535,612,https://www.eventbrite.com/e/baltimore-the-underground-railroad-project-collaborators-tickets-53504566599,333,1
"Sat, Mar 30, 2019 at 3:00 PM",0,head,twitter:data2,535,612,https://www.eventbrite.com/e/baltimore-the-underground-railroad-project-collaborators-tickets-53504566599,334,1
h1,0,overall,Baltimore & The Underground Railroad - Project Collaborators,535,612,https://www.eventbrite.com/e/baltimore-the-underground-railroad-project-collaborators-tickets-53504566599,335,1
h1,0,overall,Save This Event,535,612,https://www.eventbrite.com/e/baltimore-the-underground-railroad-project-collaborators-tickets-53504566599,336,1
h1,0,overall,Event Saved,535,612,https://www.eventbrite.com/e/baltimore-the-underground-railroad-project-collaborators-tickets-53504566599,337,1
h1,0,overall,"
			Contact the organizer
	",535,612,https://www.eventbrite.com/e/baltimore-the-underground-railroad-project-collaborators-tickets-53504566599,338,1
h1,0,overall,Copy Link,535,612,https://www.eventbrite.com/e/baltimore-the-underground-railroad-project-collaborators-tickets-53504566599,339,1
h1,0,overall,Social Settings,535,612,https://www.eventbrite.com/e/baltimore-the-underground-railroad-project-collaborators-tickets-53504566599,340,1
h1,0,overall,Save This Event,535,612,https://www.eventbrite.com/e/baltimore-the-underground-railroad-project-collaborators-tickets-53504566599,341,1
h1,0,overall,Event Saved,535,612,https://www.eventbrite.com/e/baltimore-the-underground-railroad-project-collaborators-tickets-53504566599,342,1
h2,0,overall,Actions and Detail Panel,535,612,https://www.eventbrite.com/e/baltimore-the-underground-railroad-project-collaborators-tickets-53504566599,343,1
h2,0,overall,Event Information,535,612,https://www.eventbrite.com/e/baltimore-the-underground-railroad-project-collaborators-tickets-53504566599,344,1
h2,0,overall,"
									About this Event
								",535,612,https://www.eventbrite.com/e/baltimore-the-underground-railroad-project-collaborators-tickets-53504566599,345,1
h2,0,overall,Map and Directions,535,612,https://www.eventbrite.com/e/baltimore-the-underground-railroad-project-collaborators-tickets-53504566599,346,1
h2,0,overall,"
		Baltimore & The Underground Railroad - Project Collaborators
		at
		Frederick Douglass-Isaac Myers Maritime Park
		",535,612,https://www.eventbrite.com/e/baltimore-the-underground-railroad-project-collaborators-tickets-53504566599,347,1
h2,0,overall,Site Navigation,535,612,https://www.eventbrite.com/e/baltimore-the-underground-railroad-project-collaborators-tickets-53504566599,348,1
h3,0,overall,Date and Time,535,612,https://www.eventbrite.com/e/baltimore-the-underground-railroad-project-collaborators-tickets-53504566599,349,1
h3,0,overall,Location,535,612,https://www.eventbrite.com/e/baltimore-the-underground-railroad-project-collaborators-tickets-53504566599,350,1
h3,0,overall,Tags,535,612,https://www.eventbrite.com/e/baltimore-the-underground-railroad-project-collaborators-tickets-53504566599,351,1
h3,0,overall,Share with friends,535,612,https://www.eventbrite.com/e/baltimore-the-underground-railroad-project-collaborators-tickets-53504566599,352,1
h3,0,overall,Date and Time,535,612,https://www.eventbrite.com/e/baltimore-the-underground-railroad-project-collaborators-tickets-53504566599,353,1
h3,0,overall,Location,535,612,https://www.eventbrite.com/e/baltimore-the-underground-railroad-project-collaborators-tickets-53504566599,354,1
h3,0,overall,Use Eventbrite,535,612,https://www.eventbrite.com/e/baltimore-the-underground-railroad-project-collaborators-tickets-53504566599,355,1
h3,0,overall,Plan Events,535,612,https://www.eventbrite.com/e/baltimore-the-underground-railroad-project-collaborators-tickets-53504566599,356,1
h3,0,overall,Find Events,535,612,https://www.eventbrite.com/e/baltimore-the-underground-railroad-project-collaborators-tickets-53504566599,357,1
h3,0,overall,Connect With Us,535,612,https://www.eventbrite.com/e/baltimore-the-underground-railroad-project-collaborators-tickets-53504566599,358,1
title,0,overall,"Baltimore & The Underground Railroad - Project Collaborators Tickets, Sat, Mar 30, 2019 at 3:00 PM | Eventbrite",535,612,https://www.eventbrite.com/e/baltimore-the-underground-railroad-project-collaborators-tickets-53504566599,359,1
url_text,0,overall,baltimore-the-underground-railroad-project-collaborators-tickets-53504566599,535,612,https://www.eventbrite.com/e/baltimore-the-underground-railroad-project-collaborators-tickets-53504566599,360,1
